,Pháp lý
Sổ đỏ/ Sổ hồng,1562
Không rõ,478
Hợp đồng mua bán,359
Sổ đỏ/ Sổ hồng.,125
Sổ hồng,50
Đang chờ sổ,45
Hợp đồng mua bán.,23
Sổ hồng riêng,17
Có sổ,9
Có sổ.,8
HĐMB,8
Sổ hồng riêng.,6
Sổ đỏ,6
Đã có sổ.,5
Sổ hồng.,5
Hợp đồng thuê,3
Sổ đỏ.,3
Sổ đỏ/sổ hồng.,2
Đầy đủ,2
HĐMB.,2
Hợp đồng đặt cọc,2
Sổ riêng,2
Sổ đỏ/ Sổ hồng ( sử dụng chung),2
Sổ đỏ/ sổ hồng,2
Sổ hồng đầy đủ,2
Sổ đỏ chính chủ,2
Đã có sổ hồng.,2
Giấy phép xây dựng,1
Pháp lý rõ ràng,1
Sổ mới 2025,1
Hợp Đồng Mua Bán,1
Đã có sổ,1
VĂN BẢN THỎA THUẬN,1
Hợp đồng Thuê,1
Sổ hồng năm 2016.,1
Sổ hồng riêng công chứng được ngay.,1
Sổ đỏ chính chủ vĩnh viễn.,1
Đang chờ sổ.,1
Sổ hồng lâu dài,1
văn bản thỏa thuận,1
Sổ vi bằng,1
Sổ vuông vức hoàn công đủ - công chứng ngay trong ngày.,1
Văn bản thỏa thuận,1
Sổ hồng chung.,1
Sổ hoàn công đầy đủ.,1
Hợp đồng đặt cọc.,1
Có sổ hồng.,1
Pháp lý rõ ràng: Đã có sổ.,1
Sổ Hồng Chung,1
Có sổ hồng,1
"Dự án 1/500, mua bán công chứng. Xây nhà hoàn công ra sổ đỏ cá nhân",1
Giấy tờ sổ đỏ chính chủ,1
VBTT,1
Sổ đỏ/Sổ hồng,1
Sổ hồng bao sang tên,1
"Sổ đỏ chung có kê khai, số nhà quận",1
Pháp lý đầy đủ,1
SHR,1
Sổ chung,1
Sổ hồng trao tay.,1
Sổ đỏ/ Giấy tờ viết tay mua bán công chứng vi bằng,1
Pháp lý: Sổ hồng vĩnh viễn.,1
Sổ hồng chính chủ,1
"- Pháp lý: Đầy đủ, ký HĐMB trực tiếp với chủ đầu tư ngay.",1
Sổ hồng chính chủ.,1
Pháp lý: Sổ hồng riêng công chứng sang tên nhanh chóng.,1
Sổ hồng lâu dài.,1
Sổ hồng chính chủ vĩnh viễn.,1
Đã có hợp đồng mua bán,1
Sổ hồng/ sổ đỏ,1
Sổ đỏ chính chủ.,1
Công chứng vi bằng,1
Có sổ sẵn,1
Sổ hồng riêng chính chủ,1
Sổ hồng chung mua bán vi bằng,1
Sổ hồng,1
Sổ hồng đầy đủ.,1
